{
  "airports": [
    {
      "code": "SYD",
      "name": "Sydney Kingsford Smith",
      "city": "Sydney",
      "country": "Australia"
    },
    {
      "code": "MEL",
      "name": "Melbourne Tullamarine",
      "city": "Melbourne",
      "country": "Australia"
    },
    {
      "code": "BNE",
      "name": "Brisbane",
      "city": "Brisbane",
      "country": "Australia"
    },
    {
      "code": "LAX",
      "name": "Los Angeles",
      "city": "Los Angeles",
      "country": "USA"
    },
    {
      "code": "NRT",
      "name": "Tokyo Narita",
      "city": "Tokyo",
      "country": "Japan"
    },
    {
      "code": "HND",
      "name": "Tokyo Haneda",
      "city": "Tokyo",
      "country": "Japan"
    },
    {
      "code": "SIN",
      "name": "Singapore Changi",
      "city": "Singapore",
      "country": "Singapore"
    }
  ]
}