{
  "generated_at": "2025-08-17T01:50:05.974000Z",
  "currency": "AUD",
  "results": [
    {
      "depart": "2025-09-03",
      "from": "SYD",
      "to": "LAX",
      "airline": "Qantas",
      "cabin": "Premium Economy",
      "cash_aud": 1599,
      "currency": "AUD",
      "points": 69000,
      "book_url": "https://www.qantas.com/au/en.html",
      "marketing_flight": "QF389",
      "operating_flight": "QF389",
      "alliance": "Oneworld"
    },
    {
      "depart": "2025-09-10",
      "from": "SYD",
      "to": "NRT",
      "airline": "JAL",
      "cabin": "Business",
      "cash_aud": 2890,
      "currency": "AUD",
      "points": 92000,
      "book_url": "https://www.jal.co.jp/",
      "marketing_flight": "JL772",
      "operating_flight": "JL772",
      "alliance": "Oneworld"
    }
  ]
}